{
  "pictures": [
    {
      "url": "https://cdn.pixabay.com/photo/2022/03/12/19/14/sea-7064686_960_720.jpg",
      "alt": "sunset",
      "credits": "Gorge W Bosh",
      "price": 1000
    },
    {
      "url": "https://cdn.pixabay.com/photo/2021/12/21/08/29/owl-6884773_960_720.jpg",
      "alt": "owl",
      "credits": "Jessica Rabbit",
      "price": 500
    },
    {
      "url": "https://cdn.pixabay.com/photo/2022/02/26/07/06/butterfly-7035308_960_720.jpg",
      "alt": "butterfly",
      "credits": "Tyra Banks",
      "price": 5000
    }
  ],
  "users": [
    {
     
      "name": { "first": "regular", "last": "user" },
      "address": {
        "state": "USA",
        "country": "big",
        "city": "New York",
        "street": "52",
        "houseNumber": "109",
        "zip": 562145
      },
      "phone": "050-0000000",
      "email": "user@gmail.com",
      "password": "Aa1234!",
      "isBusiness": false
    },
    {

      "name": { "first": "bUsiness", "last": "user" },
      "address": {
        "state": "USA",
        "country": "cal",
        "city": "New Jersey",
        "street": "bird",
        "houseNumber": "54",
        "zip": 123456
      },
      "phone": "050-0000000",
      "email": "business@gmail.com",
      "password": "Aa1234!",
      "isBusiness": true,
      "isAdmin": false
    },
    {

      "name": { "first": "admin", "last": "user" },
      "address": {
        "state": "Israel",
        "country": "Israel",
        "city": "Tel Aviv",
        "street": "il",
        "houseNumber": "24",
        "zip": 4444556
      },
      "phone": "050-0000000",
      "email": "admin@gmail.com",
      "password": "Aa1234!",
      "isBusiness": true,
      "isAdmin": true
    }
  ]
}
